clase_id,grupo,materia,dia,hora_inicio,hora_fin,aula
1,1DSAA,FÍSICA I,Jueves,10:00,11:40,AULA 7
1,1DSAA,FÍSICA I,Viernes,09:10,11:40,AULA 25
2,2DSA,ADMINISTRACIÓN DE LAS ORGANIZACIONES,Lunes,07:30,09:10,AULA 3
2,2DSA,ADMINISTRACIÓN DE LAS ORGANIZACIONES,Jueves,07:30,08:20,AULA 10
3,2DSAA,ADMINISTRACIÓN DE LAS ORGANIZACIONES,Jueves,10:00,12:30,AULA 8
4,2DSAA,CÁLCULO DIFERENCIAL,Jueves,10:00,12:30,AULA 9
4,2DSAA,CÁLCULO DIFERENCIAL,Viernes,10:50,12:30,AULA 9
5,2DSA,CÁLCULO DIFERENCIAL,Miércoles,10:00,12:30,AULA 10
5,2DSA,CÁLCULO DIFERENCIAL,Jueves,10:00,11:40,AULA 10
6,2DSAA,COMUNICACIÓN EFECTIVA,Martes,07:30,10:00,AULA 9
7,2DSA,COMUNICACIÓN EFECTIVA,Martes,10:00,12:30,AULA 23
8,2DSA,FÍSICA II,Lunes,10:00,12:30,AULA 10
8,2DSA,FÍSICA II,Jueves,10:00,11:40,AULA 10
9,2DSAA,FÍSICA II,Lunes,10:00,12:30,AULA 9
9,2DSAA,FÍSICA II,Martes,10:50,12:30,AULA 3
10,3DSA,CÁLCULO INTEGRAL,Jueves,10:00,12:30,AULA 15
10,3DSA,CÁLCULO INTEGRAL,Viernes,10:00,11:40,AULA 15
11,3DSAA,CÁLCULO INTEGRAL,Martes,10:50,12:30,AULA 17
11,3DSAA,CÁLCULO INTEGRAL,Miércoles,10:00,12:30,AULA 17
12,3DSA,CONTABILIDAD FINANCIERA,Jueves,07:30,10:00,AULA 13
13,3DSAA,CONTABILIDAD FINANCIERA,Martes,10:00,10:50,AULA 3
13,3DSAA,CONTABILIDAD FINANCIERA,Miércoles,10:00,11:40,AULA 17
14,3DSAA,ESTRUCTURA DE DATOS,Jueves,09:10,10:50,AULA 29 CISCO I
14,3DSAA,ESTRUCTURA DE DATOS,Viernes,10:00,12:30,AULA 34 LAB C.C
15,3DSA,ESTRUCTURA DE DATOS,Lunes,07:30,09:10,AULA 34 LAB C.C
15,3DSA,ESTRUCTURA DE DATOS,Miércoles,07:30,09:10,AULA 34 LAB C.C
15,3DSA,ESTRUCTURA DE DATOS,Viernes,07:30,08:20,AULA 34 LAB C.C
16,3DSAA,ÉTICA,Viernes,07:30,09:10,AULA 5
17,3DSA,ÉTICA,Martes,10:50,12:30,AULA 14
18,4DSA,ALGORITMOS DE ORDENAMIENTO Y BÚSQUEDA,Lunes,07:30,09:10,AULA 34 LAB C.C
18,4DSA,ALGORITMOS DE ORDENAMIENTO Y BÚSQUEDA,Miércoles,07:30,09:10,AULA 34 LAB C.C
18,4DSA,ALGORITMOS DE ORDENAMIENTO Y BÚSQUEDA,Jueves,08:20,09:10,AULA 34 LAB C.C
19,4NSB,ALGORITMOS DE ORDENAMIENTO Y BÚSQUEDA,Lunes,19:00,21:30,AULA 29 CISCO I
19,4NSB,ALGORITMOS DE ORDENAMIENTO Y BÚSQUEDA,Jueves,18:10,19:50,AULA 29 CISCO I
20,4DSA,BASE DE DATOS I,Lunes,07:30,09:10,AULA 31 LAB CB
20,4DSA,BASE DE DATOS I,Jueves,07:30,09:10,AULA 31 LAB CB
20,4DSA,BASE DE DATOS I,Viernes,07:30,08:20,AULA 31 LAB CB
21,4NSB,BASE DE DATOS I,Lunes,16:30,19:00,AULA 29 CISCO I
21,4NSB,BASE DE DATOS I,Jueves,18:10,19:50,AULA 29 CISCO I
22,4NSB,CÁLCULO MULTIVARIABLE,Lunes,16:30,19:00,AULA 14
22,4NSB,CÁLCULO MULTIVARIABLE,Jueves,16:30,18:10,AULA 14
23,4DSA,CÁLCULO MULTIVARIABLE,Martes,07:30,10:00,AULA 23
23,4DSA,CÁLCULO MULTIVARIABLE,Miércoles,08:20,10:00,AULA 23
24,4DSA,ESTADÍSTICA,Martes,10:00,12:30,AULA 31 LAB CB
25,4NSB,ESTADÍSTICA,Lunes,16:30,19:00,AULA 20
26,4NSB,ELECTRICIDAD Y MAGNETISMO,Martes,08:20,10:00,AULA 23
26,4NSB,ELECTRICIDAD Y MAGNETISMO,Jueves,07:30,10:00,AULA 23
27,4DSA,ELECTRICIDAD Y MAGNETISMO,Martes,10:00,11:40,AULA 13
27,4DSA,ELECTRICIDAD Y MAGNETISMO,Viernes,09:10,10:50,AULA 8
28,5NSB,ÁLGEBRA LINEAL,Lunes,16:30,19:00,AULA 31 LAB CB
29,5DSA,ÁLGEBRA LINEAL,Jueves,10:00,12:30,AULA 31 LAB CB
30,5NSB,BASE DE DATOS II,Lunes,16:30,19:00,AULA 29 CISCO I
30,5NSB,BASE DE DATOS II,Jueves,16:30,18:10,AULA 29 CISCO I
31,5DSA,BASE DE DATOS II,Lunes,07:30,10:00,AULA 30 CISCO II
31,5DSA,BASE DE DATOS II,Jueves,09:10,10:50,AULA 30 CISCO II
32,5DSA,ECUACIONES DIFERENCIALES,Martes,10:50,12:30,AULA 13
32,5DSA,ECUACIONES DIFERENCIALES,Miércoles,10:00,12:30,AULA 13
33,5NSB,ECUACIONES DIFERENCIALES,Lunes,19:00,21:30,AULA 17
34,5DSA,EVALUACIÓN DE PROYECTOS,Lunes,07:30,09:10,AULA 30 CISCO II
34,5DSA,EVALUACIÓN DE PROYECTOS,Martes,07:30,09:10,AULA 30 CISCO II
35,5NSB,EVALUACIÓN DE PROYECTOS,Jueves,16:30,18:10,AULA 18
35,5NSB,EVALUACIÓN DE PROYECTOS,Viernes,16:30,18:10,AULA 18
36,5DSA,INGENIERÍA DE SOFTWARE,Lunes,09:10,11:40,AULA 33 LAB INF
37,5NSB,INGENIERÍA DE SOFTWARE,Martes,19:00,21:30,AULA 22
38,6NSB,ANÁLISIS Y MODELACIÓN DE SISTEMAS,Lunes,16:30,19:00,AULA 14
39,7NSB,CALIDAD Y PRUEBAS DE SOFTWARE,Jueves,19:50,21:30,AULA 15
39,7NSB,CALIDAD Y PRUEBAS DE SOFTWARE,Viernes,19:00,21:30,AULA 34 LAB C.C
40,7NSB,DESARROLLO SUSTENTABLE,Miércoles,19:00,21:30,AULA 15
41,7NSB,DISEÑO Y ARQUITECTURA DE SOFTWARE,Martes,19:00,20:40,AULA 7
41,7NSB,DISEÑO Y ARQUITECTURA DE SOFTWARE,Miércoles,16:30,19:00,AULA 29 CISCO I
42,7NSB,GRAFICACIÓN Y REALIDAD VIRTUAL,Martes,16:30,19:00,AULA 6
43,8NSB,ADMINISTRACIÓN DE PROYECTOS DE SOFTWARE,Jueves,16:30,19:00,AULA 15
44,8NSB,ADMINISTRACIÓN DE SERVIDORES,Lunes,16:30,19:00,AULA 23
45,8NSB,DESARROLLO DE APLICACIONES DE CÓMPUTO MÓVIL,Lunes,16:30,19:00,AULA 30 CISCO II
45,8NSB,DESARROLLO DE APLICACIONES DE CÓMPUTO MÓVIL,Miércoles,16:30,18:10,AULA 18
46,9NSB,DESARROLLO DE APLICACIONES WEB,Martes,19:00,20:40,AULA 34 LAB C.C
46,9NSB,DESARROLLO DE APLICACIONES WEB,Jueves,18:10,20:40,AULA 34 LAB C.C
47,9NSB,DESARROLLO DE PROYECTOS DE SOFTWARE,Lunes,19:00,21:30,AULA 33 LAB INF
47,9NSB,DESARROLLO DE PROYECTOS DE SOFTWARE,Jueves,19:00,20:40,AULA 18
48,9NSB,DISEÑO DE COMPILADORES,Martes,19:00,21:30,AULA 17
