horario_id,dia,hora_inicio,hora_fin
H001,Lunes,07:30,10:00
H002,Lunes,07:30,09:10
H003,Lunes,09:10,11:40
H004,Lunes,10:00,12:30
H005,Lunes,16:30,19:00
H006,Lunes,19:00,21:30
H007,Martes,07:30,09:10
H008,Martes,07:30,10:00
H009,Martes,08:20,10:00
H010,Martes,10:00,10:50
H011,Martes,10:00,11:40
H012,Martes,10:00,12:30
H013,Martes,10:50,12:30
H014,Martes,16:30,19:00
H015,Martes,19:00,21:30
H016,Martes,19:00,20:40
H017,Miércoles,07:30,09:10
H018,Miércoles,08:20,10:00
H019,Miércoles,10:00,12:30
H020,Miércoles,10:00,11:40
H021,Miércoles,16:30,19:00
H022,Miércoles,16:30,18:10
H023,Miércoles,19:00,21:30
H024,Jueves,07:30,10:00
H025,Jueves,07:30,08:20
H026,Jueves,07:30,09:10
H027,Jueves,08:20,09:10
H028,Jueves,09:10,10:50
H029,Jueves,10:00,11:40
H030,Jueves,10:00,12:30
H031,Jueves,16:30,19:00
H032,Jueves,16:30,18:10
H033,Jueves,18:10,20:40
H034,Jueves,18:10,19:50
H035,Jueves,19:00,20:40
H036,Jueves,19:50,21:30
H037,Viernes,07:30,08:20
H038,Viernes,07:30,09:10
H039,Viernes,09:10,11:40
H040,Viernes,09:10,10:50
H041,Viernes,10:00,11:40
H042,Viernes,10:00,12:30
H043,Viernes,10:50,12:30
H044,Viernes,16:30,18:10
H045,Viernes,19:00,21:30
